{
  "East Hampshire District Council": [
    51.0055,
    -0.9082
  ],
  "Trafford Metropolitan Borough Council": [
    53.433333,
    -2.3
  ],
  "St Helens Council": [
    53.454,
    -2.746
  ],
  "Perth and Kinross Council": [
    56.397,
    -3.437
  ],
  "Dartford Borough Council": [
    51.464,
    0.254
  ],
  "Aberdeenshire Council": [
    57.151,
    -2.123
  ],
  "Shropshire Council": [
    52.616667,
    -2.716667
  ],
  "East Renfrewshire Council": [
    55.7984,
    -4.2907
  ],
  "Shepway District Council": [
    51.07885,
    1.174614
  ],
  "Portsmouth City Council": [
    50.816667,
    -1.083333
  ],
  "Mid Suffolk District Council": [
    52.156,
    1.0489
  ],
  "London Borough of Sutton": [
    51.36,
    -0.2
  ],
  "London Borough of Harrow": [
    51.566667,
    -0.333333
  ],
  "Gravesham Borough Council": [
    51.409,
    0.399
  ],
  "Dundee City Council": [
    56.462,
    -2.9707
  ],
  "Cumbria County Council": [
    54.5,
    -3.25
  ],
  "Derbyshire County Council": [
    53.133333,
    -1.6
  ],
  "Sheffield City Council": [
    53.383611,
    -1.466944
  ],
  "Adur District Council": [
    50.8326,
    -0.2689
  ],
  "Bedford Borough Council": [
    52.134444,
    -0.463056
  ],
  "Belfast City Council": [
    54.593889,
    -5.929444
  ],
  "Brighton and Hove City Council": [
    50.827778,
    -0.152778
  ],
  "Eastbourne Borough Council": [
    50.77,
    0.28
  ],
  "Hastings Borough Council": [
    50.855,
    0.583333
  ],
  "Liverpool City Council": [
    53.407194,
    -2.991667
  ],
  "London Borough of Havering": [
    51.55,
    0.216667
  ],
  "London Borough of Wandsworth": [
    51.457306,
    -0.194861
  ],
  "Rushmoor Borough Council": [
    51.277453,
    -0.771511
  ],
  "Southampton City Council": [
    50.9,
    -1.4
  ],
  "Stockport Metropolitan Borough Council": [
    53.40581,
    -2.1594
  ],
  "Ashfield District Council": [
    53.05,
    -1.3
  ],
  "Bassetlaw District Council": [
    53.4,
    -0.95
  ],
  "Bath and North East Somerset Council": [
    51.38,
    -2.36
  ],
  "Blaenau Gwent County Borough Council": [
    51.775833,
    -3.196389
  ],
  "Bolton Metropolitan Borough Council": [
    53.5775,
    -2.43
  ],
  "Borough Council of Kings Lynn and West Norfolk": [
    52.7549,
    0.3962
  ],
  "Borough of Poole": [
    50.716667,
    -1.983333
  ],
  "Bracknell Forest Council": [
    51.417,
    -0.7469
  ],
  "Bridgend County Borough Council": [
    51.506667,
    -3.579444
  ],
  "Broxtowe Borough Council": [
    52.95,
    -1.27
  ],
  "Caerphilly County Borough Council": [
    51.656,
    -3.183
  ],
  "Carlisle City Council": [
    54.890833,
    -2.943889
  ],
  "Cheltenham Borough Council": [
    51.883333,
    -2.066667
  ],
  "City of Bradford Metropolitan District Council": [
    53.792,
    -1.754
  ],
  "Council of the Isles of Scilly": [
    49.936111,
    -6.322778
  ],
  "Derbyshire Dales District Council": [
    53.05,
    -1.7
  ],
  "Devon County Council": [
    50.714722,
    -3.5175
  ],
  "Dover District Council": [
    51.13,
    1.311
  ],
  "East Staffordshire Borough Council": [
    52.808,
    -1.6457
  ],
  "East Sussex County Council": [
    50.916667,
    0.333333
  ],
  "Elmbridge Borough Council": [
    51.37,
    -0.3618
  ],
  "Epping Forest District Council": [
    51.66,
    0.05
  ],
  "Fenland District Council": [
    52.575,
    0.049
  ],
  "Harlow Council": [
    51.779,
    0.128
  ],
  "Herefordshire Council": [
    52.053,
    -2.694
  ],
  "Ipswich Borough Council": [
    52.059444,
    1.155556
  ],
  "Isle of Wight Council": [
    50.666667,
    -1.266667
  ],
  "Lewes District Council": [
    50.873889,
    0.008889
  ],
  "London Borough of Barnet": [
    51.6254,
    -0.1527
  ],
  "Mansfield District Council": [
    53.15,
    -1.2
  ],
  "Mendip District Council": [
    51.3,
    -2.733333
  ],
  "Merthyr Tydfil County Borough Council": [
    51.75,
    -3.383333
  ],
  "Mid Devon District Council": [
    50.9,
    -3.49
  ],
  "Mid Sussex District Council": [
    51.020667,
    -0.137328
  ],
  "Mid Ulster District Council": [
    54.668,
    -6.679
  ],
  "Monmouthshire County Council": [
    51.783333,
    -2.866667
  ],
  "Newcastle City Council": [
    54.966667,
    -1.6
  ],
  "North Lincolnshire Council": [
    53.6,
    -0.65
  ],
  "North Norfolk District Council": [
    52.933333,
    1.3
  ],
  "North Somerset Council": [
    51.39,
    -2.8
  ],
  "Northamptonshire County Council": [
    52.283333,
    -0.833333
  ],
  "Oxfordshire County Council": [
    51.75,
    -1.28
  ],
  "Redcar and Cleveland Borough Council": [
    54.57923,
    -1.03409
  ],
  "Renfrewshire Council": [
    55.829858,
    -4.542838
  ],
  "Rother District Council": [
    50.849789,
    0.470503
  ],
  "Runnymede Borough Council": [
    51.395,
    -0.541
  ],
  "Scarborough Borough Council": [
    54.28,
    -0.402
  ],
  "Selby District Council": [
    53.777,
    -1.079
  ],
  "Sevenoaks District Council": [
    51.27,
    0.193
  ],
  "Somerset County Council": [
    51.18,
    -3
  ],
  "South Ribble Borough Council": [
    53.697,
    -2.69
  ],
  "Stockton-on-Tees Borough Council": [
    54.55,
    -1.333333
  ],
  "Stoke-on-Trent City Council": [
    53,
    -2.183333
  ],
  "Stroud District Council": [
    51.748,
    -2.216
  ],
  "Sunderland City Council": [
    54.91,
    -1.385
  ],
  "Surrey Heath Borough Council": [
    51.3395,
    -0.7433
  ],
  "Waveney District Council": [
    52.4831,
    1.7561
  ],
  "Wealden District Council": [
    50.999,
    0.212
  ],
  "West Dunbartonshire Council": [
    55.99,
    -4.515
  ],
  "Wigan Metropolitan Borough Council": [
    53.533333,
    -2.616667
  ],
  "Wokingham Borough Council": [
    51.4102,
    -0.8432
  ],
  "Wycombe District Council": [
    51.6385,
    -0.8079
  ],
  "Gloucestershire County Council": [
    51.833333,
    -2.166667
  ],
  "Gateshead Metropolitan Borough Council": [
    54.95,
    -1.6
  ],
  "Forest Heath District Council": [
    52.3461,
    0.519
  ],
  "Fife Council": [
    56.25,
    -3.2
  ],
  "Falkirk Council": [
    56.0011,
    -3.7835
  ],
  "Exeter City Council": [
    50.716667,
    -3.533333
  ],
  "East Cambridgeshire District Council": [
    52.387,
    0.294
  ],
  "Denbighshire County Council": [
    53.086667,
    -3.354444
  ],
  "Darlington Borough Council": [
    54.527,
    -1.5526
  ],
  "Cornwall Council": [
    50.3,
    -4.9
  ],
  "Carmarthenshire County Council": [
    51.856111,
    -4.310556
  ],
  "South Cambridgeshire District Council": [
    52.132,
    0.105
  ],
  "London Borough of Hackney": [
    51.55,
    -0.058333
  ],
  "Inverclyde Council": [
    55.9,
    -4.75
  ],
  "Hull City Council": [
    53.744333,
    -0.3325
  ],
  "Gloucester City Council": [
    51.87,
    -2.24
  ],
  "Flintshire County Council": [
    53.25,
    -3.166667
  ],
  "East Riding of Yorkshire Council": [
    53.916667,
    -0.5
  ],
  "City of London Corporation": [
    51.516,
    -0.092
  ],
  "City of Edinburgh Council": [
    55.953056,
    -3.188889
  ],
  "Havant Borough Council": [
    50.85088,
    -0.98284
  ],
  "Kent County Council": [
    51.19,
    0.73
  ],
  "Kirklees Council": [
    53.593,
    -1.801
  ],
  "Lincolnshire County Council": [
    53.066667,
    -0.183333
  ],
  "London Borough of Haringey": [
    51.601632,
    -0.112915
  ],
  "London Borough of Waltham Forest": [
    51.566667,
    -0.033333
  ],
  "Maidstone Borough Council": [
    51.27596,
    0.52192
  ],
  "Manchester City Council": [
    53.479444,
    -2.245278
  ],
  "Newport City Council": [
    51.583333,
    -3
  ],
  "North Lanarkshire Council": [
    55.829,
    -3.922
  ],
  "Nottinghamshire County Council": [
    53.166667,
    -1
  ],
  "Pembrokeshire County Council": [
    51.845,
    -4.842222
  ],
  "Pendle Borough Council": [
    53.869,
    -2.164
  ],
  "Plymouth City Council": [
    50.371389,
    -4.142222
  ],